{
    "deviceID": "603DD388A321D4B0517D96A7F3AF85BC",
    "anonID": "",
    "rocinante": "603DD388A321D4B0517D96A7F3AF85BC",
    "debugLog": "",
    "lerxst": "508",
    "dirk": "54",
    "pratt": "76222225C9",
    "loginDialogText": "xenogear17@hotmail.com",
    "rememberMe": "true",
    "sessionToken": "764f5e6eef00f0e4b1e947be62cec039",
    "userID": "18088",
    "farAway": "2023-09-29 00:00:00 UTC",
    "publisher": "True",
    "username": "AtlaStar",
    "login": "Xenogear17@hotmail.com",
    "ideFeed": null,
    "runtimeFeed": null,
    "accessToken": "eyJhbGciOiJIUzI1NiJ9.eyJleHAiOjE2OTg3MDEyNjIsInVzZXJfaWQiOiIwMWFiNjk4My0wNjQ3LTQyYjEtYjkxYS1mZDQ4NWE4N2FmNjciLCJ1aWQiOiI5MTE2ZWU4Ny03NWUxLTQyZjctODhjOS1hZjBhZmVmODJkNDgifQ.t8HOkpvGdYQusHFfwVkCDlKNjR2yn0GjTrdlSIyviMQ",
    "seatType": null,
    "refreshToken": "eyJhbGciOiJIUzI1NiJ9.eyJleHAiOjE3MDEyMDY4NjIsInVzZXJfaWQiOiIwMWFiNjk4My0wNjQ3LTQyYjEtYjkxYS1mZDQ4NWE4N2FmNjciLCJ1aWQiOiJkZjRmMGE1Zi00MDZkLTQ5NGItOThlZi03M2E4Yzg2MTc0YTQifQ.VpKWvI6EnSoESdTdmp2jyaJfrtKIY6zCVpC7GBEY5IY",
    "starFlyer": "1304426709",
    "SSO_userEmail": "unknownUser",
    "SSO_userAccess": "",
    "SSO_userRefresh": "",
    "verboseLog": ""
}