{
    "deviceID": "603DD388A321D4B0517D96A7F3AF85BC",
    "anonID": "",
    "rocinante": "603DD388A321D4B0517D96A7F3AF85BC",
    "starFlyer": "1146574597",
    "loginDialogText": "xenogear17@hotmail.com",
    "rememberMe": "true",
    "sessionToken": "8ad89652ff9575ae17d19f85986d20ce",
    "userID": "18088",
    "farAway": "2023-08-23 00:00:00 UTC",
    "publisher": "True",
    "username": "AtlaStar",
    "login": "Xenogear17@hotmail.com",
    "ideFeed": null,
    "runtimeFeed": null,
    "accessToken": "eyJhbGciOiJIUzI1NiJ9.eyJleHAiOjE2OTU0OTc4NDAsInVzZXJfaWQiOiIwMWFiNjk4My0wNjQ3LTQyYjEtYjkxYS1mZDQ4NWE4N2FmNjciLCJ1aWQiOiJmOWI5NzA4NS1kODI1LTQxOGYtYjZkZC0wZjc0Y2I4NGU1MWEifQ.dBNcFAAX8jew98reaHVpSRTTwctaDibWzUC93XJMxfM",
    "seatType": null,
    "refreshToken": "eyJhbGciOiJIUzI1NiJ9.eyJleHAiOjE2OTgwMDM0NDAsInVzZXJfaWQiOiIwMWFiNjk4My0wNjQ3LTQyYjEtYjkxYS1mZDQ4NWE4N2FmNjciLCJ1aWQiOiI1MDZkZGVlYy0zODBkLTRiZGQtOWU2Yy02OTc0N2Q0MDNiNzMifQ.-dO4z0lGfnys_ZVuGlvs0ITEyImO-QOTSOWBeaJP0SY",
    "lerxst": "171",
    "dirk": "120",
    "pratt": "5CB47553B9",
    "debugLog": ""
}